type,prop,kernel,b,matchMetric,modelMetric
classification,0.05,linear,0,0.7750947368421053,-0.06782889110460033
classification,0.05,linear,1,0.8038947368421052,0.0033357166345011624
classification,0.05,linear,2,0.795978947368421,-0.06931855777274232
classification,0.05,linear,3,0.723221052631579,-0.311315803113158
classification,0.05,linear,4,0.7794947368421052,-0.0655361504857841
classification,0.05,poly,0,0.7730526315789473,-0.13377596844399214
classification,0.05,poly,1,0.8198526315789474,-0.04584543246426187
classification,0.05,poly,2,0.7444421052631579,0.09698841207258369
classification,0.05,poly,3,0.7260421052631579,-0.004418212466779092
classification,0.05,poly,4,0.7725894736842105,-0.04025779040257793
classification,0.05,rbf,0,0.7425684210526315,-0.00586146974779056
classification,0.05,rbf,1,0.8181263157894737,0.10744409244409242
classification,0.05,rbf,2,0.8097684210526316,0.07965793818631739
classification,0.05,rbf,3,0.7590105263157895,0.06007178652131928
classification,0.05,rbf,4,0.8609263157894737,-0.042946034941849454
classification,0.05,sigmoid,0,0.7149263157894736,0.0715891857158919
classification,0.05,sigmoid,1,0.7971789473684211,0.05403619132116333
classification,0.05,sigmoid,2,0.7722736842105263,-0.09294197448286368
classification,0.05,sigmoid,3,0.8105052631578947,0.006806260612563397
classification,0.05,sigmoid,4,0.6527368421052632,0.0639557753533197
classification,0.05,cosine,0,0.6986736842105263,0.03594501298828778
classification,0.05,cosine,1,0.8591368421052632,-0.057865016870663644
classification,0.05,cosine,2,0.7821052631578947,-0.06458984614746155
classification,0.05,cosine,3,0.7287789473684211,-0.05593516503416485
classification,0.05,cosine,4,0.7597052631578948,-0.08088656287274099
classification,0.1,linear,0,0.7098222222222222,0.04951048737762187
classification,0.1,linear,1,0.7704222222222222,0.1433180024655054
classification,0.1,linear,2,0.7881333333333334,-0.07533368348050418
classification,0.1,linear,3,0.7432222222222222,0.0590571823622873
classification,0.1,linear,4,0.5704222222222223,0.10848339500000004
classification,0.1,poly,0,0.8112444444444444,-0.00942714499999997
classification,0.1,poly,1,0.8205111111111111,0.09892693561369686
classification,0.1,poly,2,0.7831333333333333,-0.03310022447550498
classification,0.1,poly,3,0.7688222222222222,-0.025140594275564865
classification,0.1,poly,4,0.8505777777777778,0.025358255000000024
classification,0.1,rbf,0,0.7871555555555556,0.017348803500913612
classification,0.1,rbf,1,0.8644444444444445,-0.018584125000000062
classification,0.1,rbf,2,0.8160444444444445,0.19972226493056627
classification,0.1,rbf,3,0.6600888888888888,0.09676541934220373
classification,0.1,rbf,4,0.7617111111111111,0.06229071446422907
classification,0.1,sigmoid,0,0.6900444444444445,0.14053905748624923
classification,0.1,sigmoid,1,0.7434222222222222,-0.10627216829344988
classification,0.1,sigmoid,2,0.7371333333333333,-0.00011817499999994263
classification,0.1,sigmoid,3,0.7655777777777778,0.1379934520789523
classification,0.1,sigmoid,4,0.8365111111111111,0.2135587916776267
classification,0.1,cosine,0,0.8307777777777777,-0.06434662738650943
classification,0.1,cosine,1,0.7015555555555556,-0.3025809872322889
classification,0.1,cosine,2,0.6944888888888889,0.0013489793706931152
classification,0.1,cosine,3,0.7667111111111111,-0.10297106668490003
classification,0.1,cosine,4,0.8119555555555555,0.033108098277024545
classification,0.15000000000000002,linear,0,0.7424941176470589,-0.026665810266658097
classification,0.15000000000000002,linear,1,0.7294823529411765,0.08910018309646878
classification,0.15000000000000002,linear,2,0.726964705882353,0.015573272293089246
classification,0.15000000000000002,linear,3,0.7342588235294117,-0.03391417161794419
classification,0.15000000000000002,linear,4,0.8213647058823529,-0.17945068293083455
classification,0.15000000000000002,poly,0,0.837764705882353,-0.017207003828015266
classification,0.15000000000000002,poly,1,0.7425411764705883,0.1589653954344633
classification,0.15000000000000002,poly,2,0.8123294117647059,0.05385012385012389
classification,0.15000000000000002,poly,3,0.7388,-0.13060435130604353
classification,0.15000000000000002,poly,4,0.6557411764705883,-0.16140185535046386
classification,0.15000000000000002,rbf,0,0.8476470588235294,0.051246289999106964
classification,0.15000000000000002,rbf,1,0.811364705882353,0.040425944234850686
classification,0.15000000000000002,rbf,2,0.7852470588235294,0.01482129559285178
classification,0.15000000000000002,rbf,3,0.703435294117647,0.11942214906741216
classification,0.15000000000000002,rbf,4,0.7649882352941176,-0.05432493573317232
classification,0.15000000000000002,sigmoid,0,0.6782588235294118,-0.2078322664770425
classification,0.15000000000000002,sigmoid,1,0.7811058823529412,0.036923874230968656
classification,0.15000000000000002,sigmoid,2,0.6671529411764706,0.022702937043264315
classification,0.15000000000000002,sigmoid,3,0.7075529411764706,0.0850539744345436
classification,0.15000000000000002,sigmoid,4,0.6904,0.0795037677206028
classification,0.15000000000000002,cosine,0,0.766,0.13469928410642018
classification,0.15000000000000002,cosine,1,0.7576235294117647,0.10236937291919201
classification,0.15000000000000002,cosine,2,0.7278117647058824,-0.2117581984703279
classification,0.15000000000000002,cosine,3,0.7737411764705883,0.024496867204717998
classification,0.15000000000000002,cosine,4,0.7193176470588235,0.02842692396057883
classification,0.2,linear,0,0.65175,-0.12763852010554078
classification,0.2,linear,1,0.600125,-0.0922752483047723
classification,0.2,linear,2,0.793875,0.04895868762512756
classification,0.2,linear,3,0.810125,0.1226347489449573
classification,0.2,linear,4,0.7332,0.07636267749056391
classification,0.2,poly,0,0.777575,-0.02177515021775156
classification,0.2,poly,1,0.753175,-0.12416589617493068
classification,0.2,poly,2,0.86915,-0.017122715000000066
classification,0.2,poly,3,0.771275,0.1856899038924762
classification,0.2,poly,4,0.7804,-0.12536941758359732
classification,0.2,rbf,0,0.737025,-0.19364324098291852
classification,0.2,rbf,1,0.84355,0.005578865055788529
classification,0.2,rbf,2,0.85455,-0.06174902043725511
classification,0.2,rbf,3,0.849725,0.17401091674010927
classification,0.2,rbf,4,0.857325,0.01987549404934774
classification,0.2,sigmoid,0,0.6184,0.07709661077096613
classification,0.2,sigmoid,1,0.653275,0.13298991272182925
classification,0.2,sigmoid,2,0.791275,0.0008974801435968072
classification,0.2,sigmoid,3,0.751325,0.035204009494776034
classification,0.2,sigmoid,4,0.796225,0.1998833318588315
classification,0.2,cosine,0,0.692625,0.28328393374984806
classification,0.2,cosine,1,0.8984,-0.00566682185685452
classification,0.2,cosine,2,0.770475,-0.21365706108043325
classification,0.2,cosine,3,0.6789,-0.1186471727129822
classification,0.2,cosine,4,0.6285,-0.05441883054418839
classification,0.25,linear,0,0.69584,-0.10206030602060301
classification,0.25,linear,1,0.8119466666666667,0.06658378164594542
classification,0.25,linear,2,0.7727733333333333,0.03463187246747418
classification,0.25,linear,3,0.65552,-0.025725677315310946
classification,0.25,linear,4,0.7578133333333333,0.19274781873766395
classification,0.25,poly,0,0.8409066666666667,-0.008571989200274688
classification,0.25,poly,1,0.7981333333333334,-0.04388301043883008
classification,0.25,poly,2,0.7156266666666666,0.16586098008752093
classification,0.25,poly,3,0.7188533333333333,0.25546064999999996
classification,0.25,poly,4,0.7386666666666667,-0.03934240760431318
classification,0.25,rbf,0,0.59144,0.12366774494670985
classification,0.25,rbf,1,0.8418133333333333,0.020561655561655567
classification,0.25,rbf,2,0.9266666666666666,0.007886841547366241
classification,0.25,rbf,3,0.7356,0.007094610070946028
classification,0.25,rbf,4,0.7634933333333334,0.0013259502121519828
classification,0.25,sigmoid,0,0.7380266666666667,-0.12839424209856054
classification,0.25,sigmoid,1,0.7169866666666667,0.0668476927825234
classification,0.25,sigmoid,2,0.8107466666666666,0.10829512430887966
classification,0.25,sigmoid,3,0.6458933333333333,-0.24806192000000005
classification,0.25,sigmoid,4,0.7628,0.08784089905454384
classification,0.25,cosine,0,0.8545866666666667,-0.034519481380779204
classification,0.25,cosine,1,0.7771466666666667,0.0605863921859896
classification,0.25,cosine,2,0.76584,-0.11578609078609092
classification,0.25,cosine,3,0.7274133333333334,-0.11336591717275973
classification,0.25,cosine,4,0.7717333333333334,-0.24535836481433454
classification,0.3,linear,0,0.6839714285714286,-0.03181838309156121
classification,0.3,linear,1,0.7892285714285714,-0.009630458466965086
classification,0.3,linear,2,0.7350285714285715,0.0028974007243501854
classification,0.3,linear,3,0.7284857142857143,0.045048974999999825
classification,0.3,linear,4,0.8476285714285714,0.06286321005811357
classification,0.3,poly,0,0.7289142857142857,0.007851661256265796
classification,0.3,poly,1,0.8787428571428572,0.012876681158901282
classification,0.3,poly,2,0.6612571428571429,0.1097072009828528
classification,0.3,poly,3,0.7834571428571429,0.028647966145918635
classification,0.3,poly,4,0.6490285714285714,-0.08299568999999996
classification,0.3,rbf,0,0.7851142857142858,0.0035454267372591053
classification,0.3,rbf,1,0.9127714285714286,-0.03195424601411423
classification,0.3,rbf,2,0.7303428571428572,0.04883633695345352
classification,0.3,rbf,3,0.6976571428571429,0.09126937571277721
classification,0.3,rbf,4,0.7202571428571428,0.02173726630166345
classification,0.3,sigmoid,0,0.6808571428571428,-0.07709432808377314
classification,0.3,sigmoid,1,0.7203714285714286,0.1535899961435998
classification,0.3,sigmoid,2,0.6880857142857143,0.0005812752092591023
classification,0.3,sigmoid,3,0.7842285714285714,-0.09084636412142144
classification,0.3,sigmoid,4,0.7071428571428572,-0.01996323819411805
classification,0.3,cosine,0,0.7906857142857143,-0.05971616704368732
classification,0.3,cosine,1,0.8147428571428571,0.06448676636675477
classification,0.3,cosine,2,0.6598571428571428,0.07224976600991584
classification,0.3,cosine,3,0.7908,-0.1350475363504754
classification,0.3,cosine,4,0.7143714285714285,-0.004107430041074389
classification,0.35000000000000003,linear,0,0.7301846153846154,0.04638117138117137
classification,0.35000000000000003,linear,1,0.7581230769230769,0.14247563747563752
classification,0.35000000000000003,linear,2,0.7594461538461539,-0.12048131614337965
classification,0.35000000000000003,linear,3,0.7601538461538462,-0.064971236835906
classification,0.35000000000000003,linear,4,0.7816,-0.027455558956010928
classification,0.35000000000000003,poly,0,0.7122461538461539,-0.08932803367976616
classification,0.35000000000000003,poly,1,0.8736,-0.06600582486704809
classification,0.35000000000000003,poly,2,0.8060615384615385,0.08122243799558998
classification,0.35000000000000003,poly,3,0.7023692307692307,0.03416807354201834
classification,0.35000000000000003,poly,4,0.6633846153846154,-0.037805720744922056
classification,0.35000000000000003,rbf,0,0.900676923076923,0.08120034324801373
classification,0.35000000000000003,rbf,1,0.8498769230769231,-0.0027340906835226497
classification,0.35000000000000003,rbf,2,0.7531384615384615,0.13507460161193624
classification,0.35000000000000003,rbf,3,0.6434153846153846,-0.07751835844699762
classification,0.35000000000000003,rbf,4,0.8376307692307692,0.09504396004395999
classification,0.35000000000000003,sigmoid,0,0.7052307692307692,-0.018116806522050277
classification,0.35000000000000003,sigmoid,1,0.7828307692307692,-0.09258439833259585
classification,0.35000000000000003,sigmoid,2,0.6966153846153846,-0.053281593320398335
classification,0.35000000000000003,sigmoid,3,0.6745846153846153,-0.10412642912642911
classification,0.35000000000000003,sigmoid,4,0.6405846153846154,-0.04338807332584399
classification,0.35000000000000003,cosine,0,0.6439692307692307,0.20069603802784153
classification,0.35000000000000003,cosine,1,0.8438769230769231,-0.07595554734399712
classification,0.35000000000000003,cosine,2,0.8414153846153846,0.10182198989277502
classification,0.35000000000000003,cosine,3,0.6764,0.20283230132920527
classification,0.35000000000000003,cosine,4,0.7691384615384615,0.03367037500000003
classification,0.4,linear,0,0.6027333333333333,-0.005336460000000098
classification,0.4,linear,1,0.8218666666666666,0.020521311622262395
classification,0.4,linear,2,0.7349333333333333,-0.015813607087121484
classification,0.4,linear,3,0.7645666666666666,0.05330567330567326
classification,0.4,linear,4,0.7155,0.006900715069007135
classification,0.4,poly,0,0.7250666666666666,-0.047261645472616465
classification,0.4,poly,1,0.8377666666666667,0.11255531119192663
classification,0.4,poly,2,0.6995333333333333,0.10991771457037725
classification,0.4,poly,3,0.7075,0.198597089250295
classification,0.4,poly,4,0.7849,0.0027877002508930326
classification,0.4,rbf,0,0.7729,-0.14763070862091343
classification,0.4,rbf,1,0.761,0.06515650234017534
classification,0.4,rbf,2,0.8926333333333333,-0.02527645409952345
classification,0.4,rbf,3,0.8224666666666667,-0.02205355793928082
classification,0.4,rbf,4,0.7370666666666666,0.1843917655241424
classification,0.4,sigmoid,0,0.8484,0.10531768240331674
classification,0.4,sigmoid,1,0.7282666666666666,0.06127693051492378
classification,0.4,sigmoid,2,0.6747666666666666,-0.02575327086014939
classification,0.4,sigmoid,3,0.7250666666666666,0.029508549459189237
classification,0.4,sigmoid,4,0.7167666666666667,-0.07548637114396062
classification,0.4,cosine,0,0.7397333333333334,-0.09901696584271463
classification,0.4,cosine,1,0.8704,0.02352344901851544
classification,0.4,cosine,2,0.7779333333333334,-0.18691310182217918
classification,0.4,cosine,3,0.8139,-0.2442063147682526
classification,0.4,cosine,4,0.7612333333333333,0.039168178525136044
classification,0.45,linear,0,0.6365090909090909,-0.19052719274961338
classification,0.45,linear,1,0.7502909090909091,-0.08561182842447312
classification,0.45,linear,2,0.8404727272727273,-0.013490020134900194
classification,0.45,linear,3,0.7005454545454546,0.08403447836137917
classification,0.45,linear,4,0.7633818181818182,-0.1439509505359658
classification,0.45,poly,0,0.7854181818181818,0.015191314722441396
classification,0.45,poly,1,0.7391636363636364,0.03809926109588174
classification,0.45,poly,2,0.7254909090909091,-0.2656631189706711
classification,0.45,poly,3,0.7555636363636363,0.1647454715898189
classification,0.45,poly,4,0.7616727272727273,-0.1905557933723387
classification,0.45,rbf,0,0.6732727272727272,0.10074125402965017
classification,0.45,rbf,1,0.7942545454545454,0.056473115564731224
classification,0.45,rbf,2,0.8336,-0.0005250504252908295
classification,0.45,rbf,3,0.6728727272727273,0.14708320853331336
classification,0.45,rbf,4,0.790290909090909,0.08215603215603218
classification,0.45,sigmoid,0,0.6418181818181818,0.0381749086867042
classification,0.45,sigmoid,1,0.7406909090909091,0.16293793197972506
classification,0.45,sigmoid,2,0.7255636363636364,0.0140096612608695
classification,0.45,sigmoid,3,0.6975272727272728,0.09213791587306458
classification,0.45,sigmoid,4,0.7925454545454546,0.048472042755526856
classification,0.45,cosine,0,0.7557818181818182,0.008790205625731629
classification,0.45,cosine,1,0.8198181818181818,-0.040508728459751064
classification,0.45,cosine,2,0.8285090909090909,-0.05579504999999996
classification,0.45,cosine,3,0.7428,-0.03845441653817666
classification,0.45,cosine,4,0.6992363636363637,0.0009816751570679294
classification,0.5,linear,0,0.74576,-0.04241956314234363
classification,0.5,linear,1,0.6588,-0.08239827
classification,0.5,linear,2,0.77436,0.15940847159408478
classification,0.5,linear,3,0.83788,-0.02769857192464298
classification,0.5,linear,4,0.80824,-0.028481028924115748
classification,0.5,poly,0,0.78464,-0.13257024495942
classification,0.5,poly,1,0.8162,-0.017416426567478327
classification,0.5,poly,2,0.679,-0.001730850017308605
classification,0.5,poly,3,0.84492,0.15605346404481168
classification,0.5,poly,4,0.8138,0.085283145
classification,0.5,rbf,0,0.729,0.11314905191035285
classification,0.5,rbf,1,0.76176,0.22373564499999998
classification,0.5,rbf,2,0.7992,0.03238835129553408
classification,0.5,rbf,3,0.66292,-0.04650423674152521
classification,0.5,rbf,4,0.72364,0.11118344002603836
classification,0.5,sigmoid,0,0.72492,-0.12336260836260834
classification,0.5,sigmoid,1,0.65012,-0.0006795363318912173
classification,0.5,sigmoid,2,0.68932,-0.016761780167617757
classification,0.5,sigmoid,3,0.62076,-0.20545698642015897
classification,0.5,sigmoid,4,0.62332,-0.036305485363054835
classification,0.5,cosine,0,0.87592,-0.0657597707597708
classification,0.5,cosine,1,0.7966,0.0313972503139725
classification,0.5,cosine,2,0.69832,-0.02140807085632279
classification,0.5,cosine,3,0.65616,-0.24107856857257093
classification,0.5,cosine,4,0.74888,0.18354906107766195
classification,0.55,linear,0,0.7996444444444445,-0.09437729359432334
classification,0.55,linear,1,0.7639111111111111,-0.03653398913349726
classification,0.55,linear,2,0.8081777777777778,-0.009238659238659214
classification,0.55,linear,3,0.6658666666666667,0.09177485803894891
classification,0.55,linear,4,0.8160888888888889,-0.0788233120940981
classification,0.55,poly,0,0.7813777777777777,-0.07653996250458167
classification,0.55,poly,1,0.7568444444444444,-0.2519021462173736
classification,0.55,poly,2,0.7969333333333334,-0.03839545596286775
classification,0.55,poly,3,0.7013777777777778,0.02272773318299698
classification,0.55,poly,4,0.7164,-0.047079564957229536
classification,0.55,rbf,0,0.9197777777777778,0.15602852900713216
classification,0.55,rbf,1,0.7211111111111111,0.11686440707118656
classification,0.55,rbf,2,0.8380888888888889,-0.1350732171565895
classification,0.55,rbf,3,0.8493333333333334,0.011879570076473445
classification,0.55,rbf,4,0.8175111111111111,-0.044738924026503146
classification,0.55,sigmoid,0,0.642,-0.09572073095720735
classification,0.55,sigmoid,1,0.6873777777777778,0.03346548204757355
classification,0.55,sigmoid,2,0.8323111111111111,0.09254184034550161
classification,0.55,sigmoid,3,0.8049777777777778,-0.06778979702565435
classification,0.55,sigmoid,4,0.7670666666666667,-0.1530519389720706
classification,0.55,cosine,0,0.6347555555555555,0.07600105224051557
classification,0.55,cosine,1,0.7584,-0.09340803863215452
classification,0.55,cosine,2,0.8759111111111111,0.04844913401055162
classification,0.55,cosine,3,0.6367111111111111,0.12292635122926354
classification,0.55,cosine,4,0.8264888888888889,-0.03998949159957965
classification,0.6000000000000001,linear,0,0.73405,0.08746140686535187
classification,0.6000000000000001,linear,1,0.6531,0.1795520467955205
classification,0.6000000000000001,linear,2,0.6688,-0.07659244689332034
classification,0.6000000000000001,linear,3,0.83045,0.059345666364439886
classification,0.6000000000000001,linear,4,0.7561,0.09551006859590622
classification,0.6000000000000001,poly,0,0.73355,0.04848215866341199
classification,0.6000000000000001,poly,1,0.8409,-0.08568878356739335
classification,0.6000000000000001,poly,2,0.7749,-0.07309230181905801
classification,0.6000000000000001,poly,3,0.79785,-0.05376109634293724
classification,0.6000000000000001,poly,4,0.8158,0.13223573528942933
classification,0.6000000000000001,rbf,0,0.6403,-0.243313895
classification,0.6000000000000001,rbf,1,0.82525,-0.06857891617210243
classification,0.6000000000000001,rbf,2,0.7657,-0.029349235293492315
classification,0.6000000000000001,rbf,3,0.77125,-0.084103595841036
classification,0.6000000000000001,rbf,4,0.72235,-0.13083670438258482
classification,0.6000000000000001,sigmoid,0,0.7726,-0.12442546463229731
classification,0.6000000000000001,sigmoid,1,0.6625,-0.02592109999999992
classification,0.6000000000000001,sigmoid,2,0.6627,0.0832013579954764
classification,0.6000000000000001,sigmoid,3,0.782,-0.07710530775791075
classification,0.6000000000000001,sigmoid,4,0.6332,-0.1064908460649085
classification,0.6000000000000001,cosine,0,0.93535,0.07320552292822102
classification,0.6000000000000001,cosine,1,0.6324,-0.058506949562516675
classification,0.6000000000000001,cosine,2,0.7615,0.11133143783285959
classification,0.6000000000000001,cosine,3,0.6451,-0.10194325301514334
classification,0.6000000000000001,cosine,4,0.7568,-0.09610695150844895
classification,0.6500000000000001,linear,0,0.782,-0.09171173475500016
classification,0.6500000000000001,linear,1,0.7156,0.15700541628021675
classification,0.6500000000000001,linear,2,0.8061142857142857,-0.0044422384994415864
classification,0.6500000000000001,linear,3,0.8301142857142857,-0.09526914595269148
classification,0.6500000000000001,linear,4,0.6965714285714286,0.012956721166104912
classification,0.6500000000000001,poly,0,0.7006857142857142,-0.2340646242632647
classification,0.6500000000000001,poly,1,0.7678857142857143,0.028514351060665577
classification,0.6500000000000001,poly,2,0.8228571428571428,-0.049699959472996325
classification,0.6500000000000001,poly,3,0.7082285714285714,0.0691202822800705
classification,0.6500000000000001,poly,4,0.7526285714285714,-0.047225016806254294
classification,0.6500000000000001,rbf,0,0.7372,0.0012069300482772105
classification,0.6500000000000001,rbf,1,0.8218857142857143,-0.004027436006858953
classification,0.6500000000000001,rbf,2,0.8417142857142857,-0.18439871489710852
classification,0.6500000000000001,rbf,3,0.7810857142857143,0.0004933609669873773
classification,0.6500000000000001,rbf,4,0.7410857142857142,0.0005654601413649929
classification,0.6500000000000001,sigmoid,0,0.6465142857142857,0.07015964622554338
classification,0.6500000000000001,sigmoid,1,0.7081142857142857,-0.16849095168490952
classification,0.6500000000000001,sigmoid,2,0.7069714285714286,0.24538676023951256
classification,0.6500000000000001,sigmoid,3,0.8046857142857143,-0.08949624857984995
classification,0.6500000000000001,sigmoid,4,0.7742857142857142,0.03646691911672978
classification,0.6500000000000001,cosine,0,0.8316571428571429,-0.1069825416558588
classification,0.6500000000000001,cosine,1,0.8142285714285714,0.0495879451662356
classification,0.6500000000000001,cosine,2,0.7152,-0.07761316967242854
classification,0.6500000000000001,cosine,3,0.8021142857142857,0.04386833308068311
classification,0.6500000000000001,cosine,4,0.8732,0.0050548785427447784
classification,0.7000000000000001,linear,0,0.7536,-0.2468825417206354
classification,0.7000000000000001,linear,1,0.61,0.22096779454840604
classification,0.7000000000000001,linear,2,0.6511333333333333,0.07991924
classification,0.7000000000000001,linear,3,0.7278666666666667,0.044101790876644675
classification,0.7000000000000001,linear,4,0.8314666666666667,0.11019710333849503
classification,0.7000000000000001,poly,0,0.8186,0.09834781148339417
classification,0.7000000000000001,poly,1,0.8366,0.0028835754097072397
classification,0.7000000000000001,poly,2,0.7789333333333334,-0.14410685751387492
classification,0.7000000000000001,poly,3,0.8466666666666667,0.10382794451224014
classification,0.7000000000000001,poly,4,0.7522,0.07826518204386645
classification,0.7000000000000001,rbf,0,0.8908,0.01141824011418241
classification,0.7000000000000001,rbf,1,0.7462666666666666,-0.07862581368690913
classification,0.7000000000000001,rbf,2,0.7682,-0.10216437134629947
classification,0.7000000000000001,rbf,3,0.7493333333333333,0.028437645237552323
classification,0.7000000000000001,rbf,4,0.8792666666666666,-0.0064670991389433885
classification,0.7000000000000001,sigmoid,0,0.6849333333333333,0.059250559480089504
classification,0.7000000000000001,sigmoid,1,0.6945333333333333,-0.04392032392032397
classification,0.7000000000000001,sigmoid,2,0.7478666666666667,0.08707853733049897
classification,0.7000000000000001,sigmoid,3,0.7953333333333333,0.0658815455410473
classification,0.7000000000000001,sigmoid,4,0.7312666666666666,-0.13201636693325725
classification,0.7000000000000001,cosine,0,0.8207333333333333,-0.18584386987108248
classification,0.7000000000000001,cosine,1,0.6665333333333333,0.004251001062750337
classification,0.7000000000000001,cosine,2,0.7017333333333333,0.10705795954013109
classification,0.7000000000000001,cosine,3,0.7202666666666667,0.10987227663891869
classification,0.7000000000000001,cosine,4,0.7205333333333334,0.011343865558493982
classification,0.7500000000000001,linear,0,0.68088,-0.11719294368760724
classification,0.7500000000000001,linear,1,0.77792,0.10618781445740638
classification,0.7500000000000001,linear,2,0.72872,0.00812150872534989
classification,0.7500000000000001,linear,3,0.63728,0.211512493841999
classification,0.7500000000000001,linear,4,0.77056,-0.09893064082890252
classification,0.7500000000000001,poly,0,0.73808,-0.20631900867912467
classification,0.7500000000000001,poly,1,0.74584,-0.07260894653480521
classification,0.7500000000000001,poly,2,0.79896,-0.047468313797336736
classification,0.7500000000000001,poly,3,0.672,0.0825615917508204
classification,0.7500000000000001,poly,4,0.70832,-0.12378577614071978
classification,0.7500000000000001,rbf,0,0.77224,-0.027767984996474482
classification,0.7500000000000001,rbf,1,0.82344,-0.06787057419108866
classification,0.7500000000000001,rbf,2,0.65488,-0.29263361292633605
classification,0.7500000000000001,rbf,3,0.86816,-0.009225478081937077
classification,0.7500000000000001,rbf,4,0.72376,-0.14698340322850623
classification,0.7500000000000001,sigmoid,0,0.71464,-0.18352783245781268
classification,0.7500000000000001,sigmoid,1,0.81304,0.016423063302681284
classification,0.7500000000000001,sigmoid,2,0.63272,-0.08305673262523555
classification,0.7500000000000001,sigmoid,3,0.7764,0.03538077884519475
classification,0.7500000000000001,sigmoid,4,0.69152,0.11172410018616119
classification,0.7500000000000001,cosine,0,0.72048,0.08346677751200987
classification,0.7500000000000001,cosine,1,0.69248,-0.07696636307865456
classification,0.7500000000000001,cosine,2,0.77776,-0.0819180801398593
classification,0.7500000000000001,cosine,3,0.74048,0.14146150036537514
classification,0.7500000000000001,cosine,4,0.85624,-0.009104888111038822
classification,0.8,linear,0,0.7902,0.07833611458402867
classification,0.8,linear,1,0.7371,-0.07302643694767857
classification,0.8,linear,2,0.8404,0.01673943355894114
classification,0.8,linear,3,0.6553,-0.07480163550997898
classification,0.8,linear,4,0.6525,0.2615831804633271
classification,0.8,poly,0,0.7429,0.007473795074737999
classification,0.8,poly,1,0.8538,0.1417439164174391
classification,0.8,poly,2,0.645,-0.08506768390482394
classification,0.8,poly,3,0.9138,0.05951815738072619
classification,0.8,poly,4,0.6453,-0.05498423518991058
classification,0.8,rbf,0,0.7683,0.08510247382318076
classification,0.8,rbf,1,0.7139,-0.11886637628176489
classification,0.8,rbf,2,0.8119,-0.028773143154383674
classification,0.8,rbf,3,0.7594,0.002849741025906738
classification,0.8,rbf,4,0.8386,0.03851651631273201
classification,0.8,sigmoid,0,0.6911,-0.12407655499999998
classification,0.8,sigmoid,1,0.6929,-0.09159134478937264
classification,0.8,sigmoid,2,0.8219,-0.015060235150602286
classification,0.8,sigmoid,3,0.724,-0.36355175314035904
classification,0.8,sigmoid,4,0.772,0.05807639522687558
classification,0.8,cosine,0,0.7885,-0.06444801498691832
classification,0.8,cosine,1,0.7578,-0.15734532416107905
classification,0.8,cosine,2,0.8164,0.07216510597943815
classification,0.8,cosine,3,0.7703,0.16448047526750414
classification,0.8,cosine,4,0.8343,0.08667495620298415
classification,0.8500000000000001,linear,0,0.7906666666666666,-0.008503461887804153
classification,0.8500000000000001,linear,1,0.668,-0.04960349960349958
classification,0.8500000000000001,linear,2,0.784,-0.0886947445764733
classification,0.8500000000000001,linear,3,0.7552,0.14105335567456034
classification,0.8500000000000001,linear,4,0.7092,0.06169757042439267
classification,0.8500000000000001,poly,0,0.8964,-0.025841595258416006
classification,0.8500000000000001,poly,1,0.8157333333333333,0.08006858882469203
classification,0.8500000000000001,poly,2,0.7872,-0.04265101418659628
classification,0.8500000000000001,poly,3,0.7450666666666667,-0.21818120963630877
classification,0.8500000000000001,poly,4,0.7006666666666667,0.04749595047495958
classification,0.8500000000000001,rbf,0,0.6558666666666667,0.009177285367091392
classification,0.8500000000000001,rbf,1,0.7958666666666666,0.1579562211270275
classification,0.8500000000000001,rbf,2,0.7476,0.17131745506855445
classification,0.8500000000000001,rbf,3,0.71,0.015494410154944127
classification,0.8500000000000001,rbf,4,0.6614666666666666,0.06272222514222403
classification,0.8500000000000001,sigmoid,0,0.7809333333333334,-0.21861827967564518
classification,0.8500000000000001,sigmoid,1,0.6674666666666667,-0.2057858307858308
classification,0.8500000000000001,sigmoid,2,0.6908,0.09720451430112853
classification,0.8500000000000001,sigmoid,3,0.7506666666666667,-0.24123174320355412
classification,0.8500000000000001,sigmoid,4,0.8257333333333333,-0.03770872390909885
classification,0.8500000000000001,cosine,0,0.8076,0.10863227144504861
classification,0.8500000000000001,cosine,1,0.8034666666666667,0.03681785825442896
classification,0.8500000000000001,cosine,2,0.6926666666666667,0.18511266666013998
classification,0.8500000000000001,cosine,3,0.7338666666666667,0.04243274318220286
classification,0.8500000000000001,cosine,4,0.642,0.1495284239245478
classification,0.9000000000000001,linear,0,0.6912,0.2371365920806397
classification,0.9000000000000001,linear,1,0.7084,-0.12399836003801556
classification,0.9000000000000001,linear,2,0.818,-0.010004995019980145
classification,0.9000000000000001,linear,3,0.8022,-0.05346059481145354
classification,0.9000000000000001,linear,4,0.6962,0.1191067114268457
classification,0.9000000000000001,poly,0,0.7486,-0.1223920090611233
classification,0.9000000000000001,poly,1,0.7544,-0.0009367653372354678
classification,0.9000000000000001,poly,2,0.7844,-0.04622956360343877
classification,0.9000000000000001,poly,3,0.8038,0.1321536097552687
classification,0.9000000000000001,poly,4,0.7946,-0.16067921436292953
classification,0.9000000000000001,rbf,0,0.7662,0.07868351739536528
classification,0.9000000000000001,rbf,1,0.7106,0.07636660996791828
classification,0.9000000000000001,rbf,2,0.867,-0.03024700950007775
classification,0.9000000000000001,rbf,3,0.724,-0.14125216371615668
classification,0.9000000000000001,rbf,4,0.6508,-0.16121718644868746
classification,0.9000000000000001,sigmoid,0,0.7312,-0.006059731059731066
classification,0.9000000000000001,sigmoid,1,0.6752,0.08509596186445545
classification,0.9000000000000001,sigmoid,2,0.7534,0.10757367968163123
classification,0.9000000000000001,sigmoid,3,0.8262,0.013773479958452794
classification,0.9000000000000001,sigmoid,4,0.5854,-0.22049239111513025
classification,0.9000000000000001,cosine,0,0.6398,-0.022409467409467365
classification,0.9000000000000001,cosine,1,0.6868,-0.09928217982054499
classification,0.9000000000000001,cosine,2,0.772,-0.036309571696536314
classification,0.9000000000000001,cosine,3,0.7748,-0.02147018591706784
classification,0.9000000000000001,cosine,4,0.7142,0.0648935884467674
classification,0.9500000000000001,linear,0,0.7356,-0.018647180745887115
classification,0.9500000000000001,linear,1,0.7268,0.06208266168201687
classification,0.9500000000000001,linear,2,0.678,0.2223896005823361
classification,0.9500000000000001,linear,3,0.7112,0.08760555596050029
classification,0.9500000000000001,linear,4,0.7724,-0.005323150212926064
classification,0.9500000000000001,poly,0,0.8512,-0.008407875381040264
classification,0.9500000000000001,poly,1,0.8636,0.045239186309796564
classification,0.9500000000000001,poly,2,0.8592,-0.016884644319768438
classification,0.9500000000000001,poly,3,0.7744,-0.011163165446526624
classification,0.9500000000000001,poly,4,0.8012,-0.020536519849189028
classification,0.9500000000000001,rbf,0,0.8744,-0.24660697339443777
classification,0.9500000000000001,rbf,1,0.8332,0.07830032830032829
classification,0.9500000000000001,rbf,2,0.8284,-0.06008405364291497
classification,0.9500000000000001,rbf,3,0.7148,0.09316154872646198
classification,0.9500000000000001,rbf,4,0.8368,-0.05290064052900645
classification,0.9500000000000001,sigmoid,0,0.694,-0.19696343590683685
classification,0.9500000000000001,sigmoid,1,0.802,-0.0008178676498912241
classification,0.9500000000000001,sigmoid,2,0.7084,-0.18060581647165075
classification,0.9500000000000001,sigmoid,3,0.7864,0.1677544721996913
classification,0.9500000000000001,sigmoid,4,0.7,0.04939281444535326
classification,0.9500000000000001,cosine,0,0.7864,0.04546797140243736
classification,0.9500000000000001,cosine,1,0.8248,-0.0880423237915271
classification,0.9500000000000001,cosine,2,0.8188,0.05876626379546923
classification,0.9500000000000001,cosine,3,0.8672,-0.0263767852637678
classification,0.9500000000000001,cosine,4,0.8012,-0.03467990866997722
regression,0.05,linear,0,100.06393825809802,20.879047494311493
regression,0.05,linear,1,143.7922727178339,35.16217476831791
regression,0.05,linear,2,154.70924860000872,40.85904302905594
regression,0.05,linear,3,113.18994201607445,42.32018950769323
regression,0.05,linear,4,137.458126113203,49.211171544862644
regression,0.05,poly,0,116.05003279637766,23.61795876548689
regression,0.05,poly,1,138.031159411811,39.74926111609774
regression,0.05,poly,2,120.46365668020087,42.34466669933997
regression,0.05,poly,3,134.0548373976288,10.352094626502534
regression,0.05,poly,4,74.0934935665921,14.938129795080187
regression,0.05,rbf,0,128.28650307550305,30.16704489141317
regression,0.05,rbf,1,108.1559349712119,39.930131322199685
regression,0.05,rbf,2,170.55724376867795,46.3712050790505
regression,0.05,rbf,3,128.91874515388855,13.635257680418022
regression,0.05,rbf,4,176.04103091690763,25.300026192426998
regression,0.05,sigmoid,0,91.57371287781753,16.452177308554695
regression,0.05,sigmoid,1,128.09921982206788,43.19975389000487
regression,0.05,sigmoid,2,131.4957942212525,3.2962613986524616
regression,0.05,sigmoid,3,138.8519071732576,25.611864635030727
regression,0.05,sigmoid,4,116.85424097193496,41.94706850391174
regression,0.05,cosine,0,102.52308139554226,-20.379012035150936
regression,0.05,cosine,1,139.93703512702646,32.419565680563
regression,0.05,cosine,2,99.82235539051202,6.0359231217141485
regression,0.05,cosine,3,147.1621964048045,14.339897216978969
regression,0.05,cosine,4,93.80134300528586,22.12093385934496
regression,0.1,linear,0,105.02809533459977,-17.353168633701856
regression,0.1,linear,1,185.94679655711917,65.11851294019851
regression,0.1,linear,2,139.42537390720955,30.28148339588438
regression,0.1,linear,3,127.83313553057879,26.887201800199065
regression,0.1,linear,4,133.70093948671794,-12.776987530753246
regression,0.1,poly,0,173.80121586120387,12.957377437852301
regression,0.1,poly,1,141.12284533593368,18.12365489719933
regression,0.1,poly,2,100.062779891805,-1.3849273935717719
regression,0.1,poly,3,161.78658217887283,10.287080545923487
regression,0.1,poly,4,96.82286550916855,13.223560366039237
regression,0.1,rbf,0,126.73903989342386,5.266885366234092
regression,0.1,rbf,1,137.19940585830906,28.59280690655075
regression,0.1,rbf,2,132.52922351817188,-8.398416248335295
regression,0.1,rbf,3,161.6501490575886,28.128750902697107
regression,0.1,rbf,4,114.39414653779198,18.30856720688486
regression,0.1,sigmoid,0,169.49779747315745,-7.703602994271648
regression,0.1,sigmoid,1,86.20926726578045,4.237581559070648
regression,0.1,sigmoid,2,130.2502744293947,30.639216285029292
regression,0.1,sigmoid,3,101.8273716830744,20.84523874784263
regression,0.1,sigmoid,4,133.093923128066,-11.009926212044661
regression,0.1,cosine,0,188.06525521013472,35.72902906248595
regression,0.1,cosine,1,158.58586756075806,-28.177175437287858
regression,0.1,cosine,2,138.85402312324067,3.26669534980239
regression,0.1,cosine,3,124.74940915107148,43.216143007372395
regression,0.1,cosine,4,96.07080600775217,0.3946691834806728
regression,0.15000000000000002,linear,0,86.15851619668715,41.85636783679237
regression,0.15000000000000002,linear,1,159.2305882989415,48.36763833848515
regression,0.15000000000000002,linear,2,158.6704902900646,46.61855679107313
regression,0.15000000000000002,linear,3,149.3678490132763,33.2586397197735
regression,0.15000000000000002,linear,4,153.7118136523964,31.905219958765755
regression,0.15000000000000002,poly,0,155.25349015211168,55.078023862337446
regression,0.15000000000000002,poly,1,90.08106845454368,5.661719992128596
regression,0.15000000000000002,poly,2,110.6325023349282,26.40224598381228
regression,0.15000000000000002,poly,3,151.5740574953229,25.924788437110294
regression,0.15000000000000002,poly,4,87.94028392668892,6.5484442453197005
regression,0.15000000000000002,rbf,0,130.78195448957905,-6.6645487104525785
regression,0.15000000000000002,rbf,1,98.56064033400678,38.584929899216974
regression,0.15000000000000002,rbf,2,123.21473931075451,16.37323199303657
regression,0.15000000000000002,rbf,3,131.20201261913087,50.70282096270749
regression,0.15000000000000002,rbf,4,153.7253588257947,65.27140379989638
regression,0.15000000000000002,sigmoid,0,152.03802886387354,25.760711259079443
regression,0.15000000000000002,sigmoid,1,133.50963627555134,9.61250631265095
regression,0.15000000000000002,sigmoid,2,122.49595751842813,56.05059707902008
regression,0.15000000000000002,sigmoid,3,105.01436689911283,35.34647236597601
regression,0.15000000000000002,sigmoid,4,132.98690163204336,31.79654412790798
regression,0.15000000000000002,cosine,0,126.52131758714675,59.37236290395042
regression,0.15000000000000002,cosine,1,164.39706375010633,47.77325744742214
regression,0.15000000000000002,cosine,2,107.50980954758654,20.931650239946464
regression,0.15000000000000002,cosine,3,139.73430050293695,16.481275379199147
regression,0.15000000000000002,cosine,4,104.01639100376443,32.8065046648473
regression,0.2,linear,0,106.49685480432245,21.5471394201341
regression,0.2,linear,1,134.39769793500255,37.772933970215604
regression,0.2,linear,2,146.38035243136076,48.40282728477683
regression,0.2,linear,3,144.41629844981242,-16.465040848169878
regression,0.2,linear,4,161.35425122891024,13.967376950853676
regression,0.2,poly,0,135.2972189267457,42.528268461612726
regression,0.2,poly,1,129.83004044379803,9.28093812970019
regression,0.2,poly,2,129.75204023394016,-13.194744717021166
regression,0.2,poly,3,127.33027253505648,1.3154388904158623
regression,0.2,poly,4,113.11734068182939,20.036184384700107
regression,0.2,rbf,0,157.4097517506583,67.07368793403873
regression,0.2,rbf,1,112.25500932586581,16.5768391432388
regression,0.2,rbf,2,99.10307498638032,32.91739732818148
regression,0.2,rbf,3,135.89902724874173,21.041373372673334
regression,0.2,rbf,4,127.34705888350658,42.76572272358605
regression,0.2,sigmoid,0,127.0048237530211,35.82270682001776
regression,0.2,sigmoid,1,91.80398980349526,5.1337063898917705
regression,0.2,sigmoid,2,135.24363699960526,61.210924650106165
regression,0.2,sigmoid,3,166.77557635620917,44.972800821043435
regression,0.2,sigmoid,4,152.0556858641332,30.627095253809827
regression,0.2,cosine,0,142.37927792276503,35.84362066902857
regression,0.2,cosine,1,124.61080818649994,12.810335743908936
regression,0.2,cosine,2,94.09954011500531,37.880068517450425
regression,0.2,cosine,3,140.84111497238843,66.65036452210119
regression,0.2,cosine,4,110.47261127549534,3.891410959795465
regression,0.25,linear,0,136.18532279023592,54.3975259817436
regression,0.25,linear,1,110.14972838671393,0.15816846828562348
regression,0.25,linear,2,120.33591615546298,11.243425261213105
regression,0.25,linear,3,159.82690435797906,39.10714460165441
regression,0.25,linear,4,85.46802998382738,27.409102274039782
regression,0.25,poly,0,120.6506845201612,6.026884800353386
regression,0.25,poly,1,177.86718375242532,27.899000481192587
regression,0.25,poly,2,57.35390597014303,11.137398957713259
regression,0.25,poly,3,148.4023647249267,58.946306354050506
regression,0.25,poly,4,136.01577003149242,-8.237841647131972
regression,0.25,rbf,0,174.9015911198085,1.2689298863548686
regression,0.25,rbf,1,124.97094679105443,15.942713486020494
regression,0.25,rbf,2,130.90086048421244,58.56123501552308
regression,0.25,rbf,3,145.9939879204868,58.52339839764751
regression,0.25,rbf,4,103.39084551538755,10.270967170482322
regression,0.25,sigmoid,0,139.27539750581923,-30.196342942505837
regression,0.25,sigmoid,1,145.43853812554912,-11.530198620921567
regression,0.25,sigmoid,2,112.64493762342472,37.59156489354271
regression,0.25,sigmoid,3,111.60293697589087,32.02063751934949
regression,0.25,sigmoid,4,127.5171427750959,44.96264205930018
regression,0.25,cosine,0,120.69336250170355,25.738492888972004
regression,0.25,cosine,1,170.72784822602284,-21.65633392490672
regression,0.25,cosine,2,118.21842503087049,35.62353050763187
regression,0.25,cosine,3,178.84605230261792,38.44514971832939
regression,0.25,cosine,4,112.81874065796094,32.83742859005177
regression,0.3,linear,0,102.60295799819194,32.28695774487716
regression,0.3,linear,1,190.33842876019548,76.38561778475398
regression,0.3,linear,2,91.47652702066532,19.74505832535013
regression,0.3,linear,3,152.706807579874,38.66165682725919
regression,0.3,linear,4,90.6405167698257,31.16825214239323
regression,0.3,poly,0,149.0789781208227,37.76212237460379
regression,0.3,poly,1,167.28716609720763,40.15743515400172
regression,0.3,poly,2,153.88593694952172,12.40941876112376
regression,0.3,poly,3,147.32668648188456,-7.830258297964519
regression,0.3,poly,4,102.62123078854978,32.69675254556857
regression,0.3,rbf,0,120.6043306766361,42.02332248728554
regression,0.3,rbf,1,141.41668241006136,25.358503994881147
regression,0.3,rbf,2,151.63737107400655,26.82716316729409
regression,0.3,rbf,3,136.59103691177518,20.689716964387486
regression,0.3,rbf,4,131.75310884466154,45.40891402087732
regression,0.3,sigmoid,0,117.47742103749253,40.18686879671242
regression,0.3,sigmoid,1,135.36462380143544,11.312008894401103
regression,0.3,sigmoid,2,115.0421403927138,-7.0113877616188915
regression,0.3,sigmoid,3,78.53878476532603,32.159054360931435
regression,0.3,sigmoid,4,140.53395795245765,-0.26883916796013807
regression,0.3,cosine,0,100.27246942405064,21.62757724621163
regression,0.3,cosine,1,138.7121511619735,17.47284049264408
regression,0.3,cosine,2,142.86478735086914,34.490280505794004
regression,0.3,cosine,3,140.08160149528698,-30.631481655240194
regression,0.3,cosine,4,136.97248991976898,33.52067367568398
regression,0.35000000000000003,linear,0,70.81568582592008,29.415937542653324
regression,0.35000000000000003,linear,1,149.74857002103647,26.412355528933062
regression,0.35000000000000003,linear,2,130.73315124661306,14.769532956011247
regression,0.35000000000000003,linear,3,120.95364259129197,47.77791365342985
regression,0.35000000000000003,linear,4,150.20063550496192,62.10803618984173
regression,0.35000000000000003,poly,0,129.91873540902822,41.399149340345346
regression,0.35000000000000003,poly,1,109.91299817920003,16.29875572894754
regression,0.35000000000000003,poly,2,102.5124149556985,4.316695197495378
regression,0.35000000000000003,poly,3,139.28486413128576,13.255740725395299
regression,0.35000000000000003,poly,4,111.95945689406553,15.62336329133268
regression,0.35000000000000003,rbf,0,133.29142513042456,33.490348968470485
regression,0.35000000000000003,rbf,1,114.57760983846629,15.62605924639874
regression,0.35000000000000003,rbf,2,129.66272193498517,56.060067322283174
regression,0.35000000000000003,rbf,3,135.36745917913493,20.08982746070842
regression,0.35000000000000003,rbf,4,136.90494560167846,33.34554596364519
regression,0.35000000000000003,sigmoid,0,124.03141744432936,25.348836282068135
regression,0.35000000000000003,sigmoid,1,115.25261683958935,-7.356667331087593
regression,0.35000000000000003,sigmoid,2,145.54113181771552,36.719178024726716
regression,0.35000000000000003,sigmoid,3,157.74230557273958,61.189043174453545
regression,0.35000000000000003,sigmoid,4,146.43376869617902,44.0321088224148
regression,0.35000000000000003,cosine,0,160.448070559326,37.055718986530295
regression,0.35000000000000003,cosine,1,107.28624019164664,-5.919894502918652
regression,0.35000000000000003,cosine,2,108.72080903323356,43.487146790721326
regression,0.35000000000000003,cosine,3,49.3597674944505,27.7242920920945
regression,0.35000000000000003,cosine,4,156.54433167463475,9.869656329898305
regression,0.4,linear,0,161.96800100926384,16.50005399785053
regression,0.4,linear,1,164.90382667998176,32.958176520819876
regression,0.4,linear,2,97.02126271659898,35.474150306097556
regression,0.4,linear,3,166.3558702020623,29.030240887686716
regression,0.4,linear,4,105.43921824847556,4.649363644019104
regression,0.4,poly,0,148.54735662589715,23.72620288472359
regression,0.4,poly,1,127.39853432622323,47.557666593077386
regression,0.4,poly,2,171.64102565789568,38.557810811017006
regression,0.4,poly,3,155.65051089977075,19.00740424875775
regression,0.4,poly,4,104.11133674528764,9.762449715575116
regression,0.4,rbf,0,130.13081460481814,43.762977570351794
regression,0.4,rbf,1,122.59867646478433,59.36274721577871
regression,0.4,rbf,2,164.72279847601484,-10.379321189720699
regression,0.4,rbf,3,118.80429213382791,7.6502221602509906
regression,0.4,rbf,4,122.17562740940805,28.36219899474345
regression,0.4,sigmoid,0,102.40006369645533,39.531425781694125
regression,0.4,sigmoid,1,100.2478447303664,45.683810068794315
regression,0.4,sigmoid,2,150.33744000104343,41.932337730694925
regression,0.4,sigmoid,3,129.58558380243343,0.4929792242519113
regression,0.4,sigmoid,4,169.1686610277754,41.85912755493875
regression,0.4,cosine,0,131.89945960482618,26.662816360390877
regression,0.4,cosine,1,153.03855410141094,57.90730276530037
regression,0.4,cosine,2,140.57547577333028,43.70847813693487
regression,0.4,cosine,3,100.62685730828709,25.6635975171027
regression,0.4,cosine,4,156.49438340213342,-4.030542611464824
regression,0.45,linear,0,117.83179943391163,17.715998827015056
regression,0.45,linear,1,112.8593880751683,3.6159837693483894
regression,0.45,linear,2,140.71036397077341,50.66701377183617
regression,0.45,linear,3,124.89738835182024,21.346779347554843
regression,0.45,linear,4,149.6121817875781,21.197763287860894
regression,0.45,poly,0,113.56302487676344,30.082865030312107
regression,0.45,poly,1,98.44285683394992,11.130441851805386
regression,0.45,poly,2,120.62758563132373,39.93179842389786
regression,0.45,poly,3,185.1559683061518,44.50636150392796
regression,0.45,poly,4,177.36545157986288,55.92743593218202
regression,0.45,rbf,0,138.0629847155729,31.458723489443784
regression,0.45,rbf,1,95.9298434536286,-11.148440526900487
regression,0.45,rbf,2,145.17183487926678,8.041072782011781
regression,0.45,rbf,3,128.63427596525116,54.09274266229991
regression,0.45,rbf,4,125.61339875677811,52.333528513301076
regression,0.45,sigmoid,0,161.87238765373644,44.7144051726695
regression,0.45,sigmoid,1,157.42278971907274,47.226296944103424
regression,0.45,sigmoid,2,115.19151339633854,-7.378597678114403
regression,0.45,sigmoid,3,116.38784873288357,30.542268851798
regression,0.45,sigmoid,4,132.30807742686883,50.616816783141246
regression,0.45,cosine,0,189.76397486883207,43.60552028398989
regression,0.45,cosine,1,87.69222694122277,16.86360763305926
regression,0.45,cosine,2,159.82794432309757,22.502727853655784
regression,0.45,cosine,3,142.22105379356114,36.30211563933834
regression,0.45,cosine,4,108.6990390174664,19.548720457615175
regression,0.5,linear,0,115.3471374551595,50.704482361239
regression,0.5,linear,1,160.96860368229213,25.96187149264155
regression,0.5,linear,2,111.43192704865803,-12.834818064995972
regression,0.5,linear,3,182.76785977849462,58.995476594104176
regression,0.5,linear,4,106.56995918469802,28.83991775026128
regression,0.5,poly,0,173.63988702780702,21.659718705304556
regression,0.5,poly,1,137.3913225014996,14.102843945711868
regression,0.5,poly,2,148.64858240326598,24.626446127823627
regression,0.5,poly,3,99.96418902450694,34.16990058225542
regression,0.5,poly,4,155.3560699507835,29.740566349481952
regression,0.5,rbf,0,137.46037544610633,31.265913219284897
regression,0.5,rbf,1,150.671819938403,36.61237927766494
regression,0.5,rbf,2,162.15620682718784,41.87157487538791
regression,0.5,rbf,3,108.1527486083026,25.149367679160846
regression,0.5,rbf,4,117.2512561034503,-3.257397919525289
regression,0.5,sigmoid,0,127.19223650680503,26.397360754079244
regression,0.5,sigmoid,1,125.84198986761879,18.363503249795883
regression,0.5,sigmoid,2,108.28592225106837,22.977431742578887
regression,0.5,sigmoid,3,154.96570541216013,59.600384547027446
regression,0.5,sigmoid,4,113.91895455296078,51.013940846374695
regression,0.5,cosine,0,131.48184025672668,22.79450840634877
regression,0.5,cosine,1,67.33725836613618,1.9241526920475849
regression,0.5,cosine,2,101.68513574468741,24.778364400237095
regression,0.5,cosine,3,80.33173465268277,-2.194337109621074
regression,0.5,cosine,4,130.97550193825853,27.10649903775152
regression,0.55,linear,0,90.16356755684839,-25.609652026012313
regression,0.55,linear,1,59.931226438210906,-4.350827797837638
regression,0.55,linear,2,112.64206388920765,-14.129181530347225
regression,0.55,linear,3,196.1248592912741,0.8658000195672599
regression,0.55,linear,4,133.06133883751613,33.14516788842781
regression,0.55,poly,0,135.99125267238335,-8.72293102767415
regression,0.55,poly,1,128.50290480930886,44.530126404852965
regression,0.55,poly,2,122.36660876063539,21.28056408794042
regression,0.55,poly,3,108.69426859717136,36.77843194393981
regression,0.55,poly,4,145.08975343431672,35.972999532758834
regression,0.55,rbf,0,178.21935034351426,56.51731649586395
regression,0.55,rbf,1,118.85861608938832,25.457129705604473
regression,0.55,rbf,2,116.1119482465606,5.939769565869398
regression,0.55,rbf,3,134.65644349819053,-1.5768846829782888
regression,0.55,rbf,4,163.16968249862518,25.612854201148522
regression,0.55,sigmoid,0,142.61396759016063,11.568655003120497
regression,0.55,sigmoid,1,110.35656750785708,33.98614453972948
regression,0.55,sigmoid,2,159.22889082311522,43.54089862845959
regression,0.55,sigmoid,3,157.5385987159306,51.11214470456042
regression,0.55,sigmoid,4,141.5328547698844,18.720677271112237
regression,0.55,cosine,0,101.23078508021827,30.012279007723706
regression,0.55,cosine,1,172.13940473176882,54.51317581815309
regression,0.55,cosine,2,188.82430041423328,63.02240267963374
regression,0.55,cosine,3,132.73790964142756,50.66221864182715
regression,0.55,cosine,4,112.60906715700337,28.23698360708498
regression,0.6000000000000001,linear,0,130.3486517825725,46.57380557403688
regression,0.6000000000000001,linear,1,133.54230450501262,22.946312435014022
regression,0.6000000000000001,linear,2,95.28824770815207,47.05376539107189
regression,0.6000000000000001,linear,3,95.6724973188971,29.266452947817967
regression,0.6000000000000001,linear,4,176.86433620191366,59.02940742361599
regression,0.6000000000000001,poly,0,168.6106823841624,30.06983755374867
regression,0.6000000000000001,poly,1,65.53043558372377,23.777584305269684
regression,0.6000000000000001,poly,2,119.30957073453874,36.20867641807004
regression,0.6000000000000001,poly,3,166.01909783392097,38.32334979202325
regression,0.6000000000000001,poly,4,71.3470446917324,-2.7231334744034257
regression,0.6000000000000001,rbf,0,112.16454657501578,-12.841468108622564
regression,0.6000000000000001,rbf,1,106.22351489862187,-24.24125399075379
regression,0.6000000000000001,rbf,2,135.85980948005002,-8.815308953499937
regression,0.6000000000000001,rbf,3,160.82918722934843,61.103914098943406
regression,0.6000000000000001,rbf,4,135.99074865247619,5.724792307792185
regression,0.6000000000000001,sigmoid,0,91.52961048094802,27.4583954849018
regression,0.6000000000000001,sigmoid,1,112.74166058337465,-23.75713244248945
regression,0.6000000000000001,sigmoid,2,88.39386271154963,12.786248828065268
regression,0.6000000000000001,sigmoid,3,143.23722335012403,34.3913355355796
regression,0.6000000000000001,sigmoid,4,81.92999567881874,14.781268520837287
regression,0.6000000000000001,cosine,0,116.35993191978254,19.98730445867244
regression,0.6000000000000001,cosine,1,138.49296083064797,36.98944957136756
regression,0.6000000000000001,cosine,2,128.31527760687413,31.459881712004716
regression,0.6000000000000001,cosine,3,98.0410329604725,9.442316506541289
regression,0.6000000000000001,cosine,4,123.52312252167803,13.149334069327367
regression,0.6500000000000001,linear,0,102.32772863276905,3.467479564496756
regression,0.6500000000000001,linear,1,117.81536694509097,24.048498772836155
regression,0.6500000000000001,linear,2,157.85909848715497,19.122258736062932
regression,0.6500000000000001,linear,3,126.44647765562037,40.46893659214831
regression,0.6500000000000001,linear,4,128.78862758196155,28.860955604198168
regression,0.6500000000000001,poly,0,101.82185773286388,36.76084459527203
regression,0.6500000000000001,poly,1,128.3061331549105,-3.1490463791556067
regression,0.6500000000000001,poly,2,109.87063945048726,36.514412674678326
regression,0.6500000000000001,poly,3,144.77096258974848,6.66236100238342
regression,0.6500000000000001,poly,4,136.49346523452252,23.227533696527445
regression,0.6500000000000001,rbf,0,157.804447281649,53.58581306725881
regression,0.6500000000000001,rbf,1,116.10621616679842,-3.8134280154667692
regression,0.6500000000000001,rbf,2,174.15147082614806,38.915713395708366
regression,0.6500000000000001,rbf,3,134.95131300821618,44.28377415869298
regression,0.6500000000000001,rbf,4,138.17624545966973,31.2749117581763
regression,0.6500000000000001,sigmoid,0,104.97004503645981,-4.589866454809936
regression,0.6500000000000001,sigmoid,1,148.51707122601866,42.41874975024956
regression,0.6500000000000001,sigmoid,2,116.81215746227477,2.531556969443642
regression,0.6500000000000001,sigmoid,3,155.07736900523997,12.414629197558867
regression,0.6500000000000001,sigmoid,4,107.98091029783423,21.57927700089016
regression,0.6500000000000001,cosine,0,168.60399133615067,32.50567505536196
regression,0.6500000000000001,cosine,1,109.76134115320625,4.282781446164009
regression,0.6500000000000001,cosine,2,114.08379741064388,26.81461810104001
regression,0.6500000000000001,cosine,3,118.66450283182232,21.53581417850539
regression,0.6500000000000001,cosine,4,188.98523030424747,64.32475207738055
regression,0.7000000000000001,linear,0,122.43916218650004,24.97177607622183
regression,0.7000000000000001,linear,1,69.2905694653115,-9.048041641680086
regression,0.7000000000000001,linear,2,132.86184008798776,21.52568436371959
regression,0.7000000000000001,linear,3,112.41076211129638,35.755955000579036
regression,0.7000000000000001,linear,4,125.10911943250848,69.05657393823377
regression,0.7000000000000001,poly,0,116.55113172360271,8.736630567696167
regression,0.7000000000000001,poly,1,130.7311033686619,5.116835426229429
regression,0.7000000000000001,poly,2,111.7614303009932,4.807925639911588
regression,0.7000000000000001,poly,3,149.43954135009994,25.077681967571067
regression,0.7000000000000001,poly,4,109.32721590564465,36.75656896420152
regression,0.7000000000000001,rbf,0,121.84618966583821,-0.4149950317627855
regression,0.7000000000000001,rbf,1,90.65655556722574,-4.048189315411776
regression,0.7000000000000001,rbf,2,90.22777345525725,20.53715710933659
regression,0.7000000000000001,rbf,3,97.446071534584,18.97751904737879
regression,0.7000000000000001,rbf,4,128.89967055133803,44.20888071347787
regression,0.7000000000000001,sigmoid,0,163.3875384540384,29.966029938169
regression,0.7000000000000001,sigmoid,1,114.68807112570147,26.713164836821647
regression,0.7000000000000001,sigmoid,2,122.01879441943339,49.90041947387272
regression,0.7000000000000001,sigmoid,3,135.4521668599434,1.4064050517963977
regression,0.7000000000000001,sigmoid,4,128.81950759001336,-2.00225479370188
regression,0.7000000000000001,cosine,0,138.2834090854207,47.43278501585638
regression,0.7000000000000001,cosine,1,109.29736759056394,14.71383420276598
regression,0.7000000000000001,cosine,2,174.3921540324354,19.458501783215453
regression,0.7000000000000001,cosine,3,164.73770550050526,32.42675551782855
regression,0.7000000000000001,cosine,4,127.82009421898965,41.14009102594787
regression,0.7500000000000001,linear,0,177.24397699291646,12.078093269628141
regression,0.7500000000000001,linear,1,132.40229419987992,9.501744935745549
regression,0.7500000000000001,linear,2,143.273357556383,16.864168754251878
regression,0.7500000000000001,linear,3,127.81519899740417,-4.966561455176588
regression,0.7500000000000001,linear,4,147.7382688302664,21.381104104361413
regression,0.7500000000000001,poly,0,179.44995559638494,25.51235510941531
regression,0.7500000000000001,poly,1,138.3952635366804,40.76687648370428
regression,0.7500000000000001,poly,2,58.84610307646433,-18.85482683225125
regression,0.7500000000000001,poly,3,168.94282568151414,48.93161360830776
regression,0.7500000000000001,poly,4,133.42034034203226,36.02266661407114
regression,0.7500000000000001,rbf,0,160.6171775732203,3.019512466203878
regression,0.7500000000000001,rbf,1,129.7285578857727,5.2555630219242175
regression,0.7500000000000001,rbf,2,139.00124081132637,27.04710287014096
regression,0.7500000000000001,rbf,3,137.29363432371343,21.79797296652545
regression,0.7500000000000001,rbf,4,129.79496001786407,19.8637321913112
regression,0.7500000000000001,sigmoid,0,87.76438175037063,21.4694023272193
regression,0.7500000000000001,sigmoid,1,171.02006699836642,44.41035183004024
regression,0.7500000000000001,sigmoid,2,174.0846296736346,56.14202526056236
regression,0.7500000000000001,sigmoid,3,148.7837419309022,38.785082672623574
regression,0.7500000000000001,sigmoid,4,134.44686797911447,41.01180958199754
regression,0.7500000000000001,cosine,0,146.921463121184,-7.484322644505326
regression,0.7500000000000001,cosine,1,141.28889067203798,43.237506610147
regression,0.7500000000000001,cosine,2,179.53347225526608,29.118094535829698
regression,0.7500000000000001,cosine,3,159.71898692091048,33.401364701148765
regression,0.7500000000000001,cosine,4,90.9022850916049,19.436537062886714
regression,0.8,linear,0,152.56823681242454,3.931861629081837
regression,0.8,linear,1,105.41066487642524,-11.301747996955243
regression,0.8,linear,2,168.1861447644986,18.82695286902782
regression,0.8,linear,3,127.02621133287973,30.27107279647923
regression,0.8,linear,4,112.97344525039175,21.317812414172366
regression,0.8,poly,0,117.67856980138886,26.95248742625502
regression,0.8,poly,1,75.01393896354837,22.43273146255092
regression,0.8,poly,2,78.21160218342386,-5.255528720127813
regression,0.8,poly,3,132.33460902473655,0.424862976233058
regression,0.8,poly,4,141.23314371517404,15.280737160431016
regression,0.8,rbf,0,192.07835819037578,39.89249129394388
regression,0.8,rbf,1,125.61269951539931,27.279519717583597
regression,0.8,rbf,2,118.72251597386835,-11.574123638723648
regression,0.8,rbf,3,150.0770589973554,60.00096898565849
regression,0.8,rbf,4,121.23190325757591,33.53819549421766
regression,0.8,sigmoid,0,137.7094607010282,57.880590335777555
regression,0.8,sigmoid,1,80.31233833871984,35.41392555404492
regression,0.8,sigmoid,2,133.5361181078973,36.52404385885373
regression,0.8,sigmoid,3,125.81478135024535,31.59886933603937
regression,0.8,sigmoid,4,124.67046944533824,39.25669403746865
regression,0.8,cosine,0,49.76323615627538,-14.84204137550924
regression,0.8,cosine,1,132.44611276838938,49.35391982535515
regression,0.8,cosine,2,112.50115957506067,29.17029682973194
regression,0.8,cosine,3,125.23661901850342,25.638618935973142
regression,0.8,cosine,4,168.7411830971872,17.800689596580824
regression,0.8500000000000001,linear,0,139.6532514155019,27.013234471408083
regression,0.8500000000000001,linear,1,110.71510369902461,4.200411021818269
regression,0.8500000000000001,linear,2,154.4601727889395,23.50948600985319
regression,0.8500000000000001,linear,3,158.0848958322282,11.404329062577261
regression,0.8500000000000001,linear,4,118.6640331686651,24.033794914929672
regression,0.8500000000000001,poly,0,138.97378587793438,44.361775112922885
regression,0.8500000000000001,poly,1,161.8476153854938,28.033624127154894
regression,0.8500000000000001,poly,2,151.7796234052076,41.85071716066456
regression,0.8500000000000001,poly,3,91.78653136292867,24.7118475229274
regression,0.8500000000000001,poly,4,157.64804431546378,36.40540028377299
regression,0.8500000000000001,rbf,0,139.94546128429965,11.917534938970789
regression,0.8500000000000001,rbf,1,151.64731585392357,31.599108113051386
regression,0.8500000000000001,rbf,2,124.47034835226964,31.0633391457782
regression,0.8500000000000001,rbf,3,156.7978998674884,47.17827541739635
regression,0.8500000000000001,rbf,4,126.26094562908591,12.909205903240434
regression,0.8500000000000001,sigmoid,0,107.69355363372382,4.630865687201222
regression,0.8500000000000001,sigmoid,1,176.84979603148182,16.689696311263248
regression,0.8500000000000001,sigmoid,2,142.67123257897111,-9.280165579816213
regression,0.8500000000000001,sigmoid,3,148.02161483106948,17.750524295963316
regression,0.8500000000000001,sigmoid,4,93.81418586750837,22.56015237395728
regression,0.8500000000000001,cosine,0,127.3199370553524,12.98422984921092
regression,0.8500000000000001,cosine,1,132.86580204447563,37.66793713084574
regression,0.8500000000000001,cosine,2,87.10564987871037,-9.161494683458159
regression,0.8500000000000001,cosine,3,148.63915413444565,41.92422225564397
regression,0.8500000000000001,cosine,4,132.65896275594505,22.90787541141296
regression,0.9000000000000001,linear,0,135.20727750913179,30.21082347164031
regression,0.9000000000000001,linear,1,148.09015779821402,7.407068139766821
regression,0.9000000000000001,linear,2,164.41803580031618,32.156894292285614
regression,0.9000000000000001,linear,3,154.39451238832467,2.0620966886373253
regression,0.9000000000000001,linear,4,132.93298289570828,23.92547234620011
regression,0.9000000000000001,poly,0,85.53836633794685,-28.313733907954898
regression,0.9000000000000001,poly,1,153.89412895525567,56.70263533594108
regression,0.9000000000000001,poly,2,142.8319838213554,41.503172470472535
regression,0.9000000000000001,poly,3,92.7817210106242,28.356367759093956
regression,0.9000000000000001,poly,4,72.74890263475984,5.867676740877002
regression,0.9000000000000001,rbf,0,153.5278276759767,28.59963098228718
regression,0.9000000000000001,rbf,1,146.78916406621957,21.60479507843391
regression,0.9000000000000001,rbf,2,107.46259140652046,14.755857700162878
regression,0.9000000000000001,rbf,3,136.01310587339177,34.459498933830574
regression,0.9000000000000001,rbf,4,142.1995995730797,-3.2724155862664333
regression,0.9000000000000001,sigmoid,0,157.98696657262397,45.87230508437193
regression,0.9000000000000001,sigmoid,1,181.96866015789368,56.35839304497907
regression,0.9000000000000001,sigmoid,2,179.51571868490507,59.5305287902802
regression,0.9000000000000001,sigmoid,3,154.36727091787452,19.95603270957126
regression,0.9000000000000001,sigmoid,4,143.40618244567764,43.80164046490488
regression,0.9000000000000001,cosine,0,132.48699366388027,34.68582247595809
regression,0.9000000000000001,cosine,1,87.49804967523094,6.586202097072842
regression,0.9000000000000001,cosine,2,94.07890208494193,42.00740234157554
regression,0.9000000000000001,cosine,3,122.30947526019519,43.755703074439
regression,0.9000000000000001,cosine,4,161.3008203318117,-3.229632830644505
regression,0.9500000000000001,linear,0,156.20093247657258,33.246484756350355
regression,0.9500000000000001,linear,1,148.4810669108119,-6.570656934936224
regression,0.9500000000000001,linear,2,122.79723255148845,19.690715061029564
regression,0.9500000000000001,linear,3,123.71888113134187,3.5997797272357417
regression,0.9500000000000001,linear,4,172.28785068465353,46.64341345865027
regression,0.9500000000000001,poly,0,145.2174604637075,-7.739826990752761
regression,0.9500000000000001,poly,1,148.04186280307135,41.7244276536687
regression,0.9500000000000001,poly,2,154.87676689904154,51.21783167894321
regression,0.9500000000000001,poly,3,150.49152458307432,44.85234030265312
regression,0.9500000000000001,poly,4,126.76595681742106,-9.427954417215375
regression,0.9500000000000001,rbf,0,163.28780697368106,43.095757810661006
regression,0.9500000000000001,rbf,1,130.85088107680446,33.35730584504856
regression,0.9500000000000001,rbf,2,148.7754065739454,21.479482785946175
regression,0.9500000000000001,rbf,3,117.03919385513802,46.813073817617635
regression,0.9500000000000001,rbf,4,111.76410381304753,2.707632146858373
regression,0.9500000000000001,sigmoid,0,132.15385595881563,17.70645200859893
regression,0.9500000000000001,sigmoid,1,63.776921301083526,-9.418914026914663
regression,0.9500000000000001,sigmoid,2,98.37662657181265,-9.109991080644747
regression,0.9500000000000001,sigmoid,3,101.69128480609099,8.175534823644782
regression,0.9500000000000001,sigmoid,4,118.75290054370998,50.322426735029424
regression,0.9500000000000001,cosine,0,166.2096176927188,12.202957124186
regression,0.9500000000000001,cosine,1,106.06891702293791,26.95857041178887
regression,0.9500000000000001,cosine,2,140.86708125597005,27.996157284319125
regression,0.9500000000000001,cosine,3,119.30402277509016,15.989768556113603
regression,0.9500000000000001,cosine,4,108.25615808266811,19.341518504020172
